{
  "period_pair": "2006-2007_to_2008-2009",
  "algorithm": "resource_allocation",
  "threshold": 0.14285714285714285,
  "auc_roc": 0.75,
  "f1": 0.6666666666666666,
  "task": "appearance",
  "confusion_matrix": {
    "tn": 5,
    "fp": 1,
    "fn": 1,
    "tp": 2
  }
}