{
  "period_pair": "2008-2009_to_2010-2011",
  "algorithm": "preferential_attachment",
  "threshold": -4.0,
  "auc_roc": 0.44000000000000006,
  "f1": 0.5714285714285714,
  "task": "dissolution",
  "confusion_matrix": {
    "tn": 10,
    "fp": 0,
    "fn": 3,
    "tp": 2
  }
}