{
  "period_pair": "2008-2009_to_2010-2011",
  "algorithm": "adamic_adar",
  "threshold": -0.0,
  "auc_roc": 0.48000000000000004,
  "f1": 0.4444444444444444,
  "task": "dissolution",
  "confusion_matrix": {
    "tn": 8,
    "fp": 2,
    "fn": 3,
    "tp": 2
  }
}