{
  "period_pair": "2010-2011_to_2012-2013",
  "algorithm": "jaccard",
  "threshold": 0.16666666666666666,
  "auc_roc": 0.6938775510204083,
  "f1": 0.6,
  "task": "appearance",
  "confusion_matrix": {
    "tn": 14,
    "fp": 0,
    "fn": 4,
    "tp": 3
  }
}