{
  "period_pair": "2010-2011_to_2012-2013",
  "algorithm": "common_neighbors",
  "threshold": 1.0,
  "auc_roc": 0.6836734693877552,
  "f1": 0.5454545454545454,
  "task": "appearance",
  "confusion_matrix": {
    "tn": 13,
    "fp": 1,
    "fn": 4,
    "tp": 3
  }
}