{
  "period_pair": "2010-2011_to_2012-2013",
  "algorithm": "adamic_adar",
  "threshold": -0.0,
  "auc_roc": 0.6632653061224489,
  "f1": 0.6666666666666666,
  "task": "dissolution",
  "confusion_matrix": {
    "tn": 13,
    "fp": 1,
    "fn": 3,
    "tp": 4
  }
}