{
  "period_pair": "2010-2011_to_2012-2013",
  "algorithm": "preferential_attachment",
  "threshold": -8.0,
  "auc_roc": 0.6428571428571429,
  "f1": 0.5882352941176471,
  "task": "dissolution",
  "confusion_matrix": {
    "tn": 9,
    "fp": 5,
    "fn": 2,
    "tp": 5
  }
}