{
  "period_pair": "2012-2013_to_2014-2015",
  "algorithm": "common_neighbors",
  "threshold": -2.0,
  "auc_roc": 0.5213675213675214,
  "f1": 0.6190476190476191,
  "task": "dissolution",
  "confusion_matrix": {
    "tn": 2,
    "fp": 16,
    "fn": 0,
    "tp": 13
  }
}