{
  "period_pair": "2012-2013_to_2014-2015",
  "algorithm": "resource_allocation",
  "threshold": 0.3111111111111111,
  "auc_roc": 0.6439393939393939,
  "f1": 0.5,
  "task": "appearance",
  "confusion_matrix": {
    "tn": 23,
    "fp": 1,
    "fn": 7,
    "tp": 4
  }
}