{
  "period_pair": "2012-2013_to_2014-2015",
  "algorithm": "adamic_adar",
  "threshold": -1.3426824550040934,
  "auc_roc": 0.5277777777777778,
  "f1": 0.6111111111111112,
  "task": "dissolution",
  "confusion_matrix": {
    "tn": 6,
    "fp": 12,
    "fn": 2,
    "tp": 11
  }
}