{
  "period_pair": "2012-2013_to_2014-2015",
  "algorithm": "jaccard",
  "threshold": 0.16666666666666666,
  "auc_roc": 0.6382575757575758,
  "f1": 0.47058823529411764,
  "task": "appearance",
  "confusion_matrix": {
    "tn": 22,
    "fp": 2,
    "fn": 7,
    "tp": 4
  }
}