{
  "period_pair": "2012-2013_to_2014-2015",
  "algorithm": "preferential_attachment",
  "threshold": -27.0,
  "auc_roc": 0.4465811965811966,
  "f1": 0.6190476190476191,
  "task": "dissolution",
  "confusion_matrix": {
    "tn": 2,
    "fp": 16,
    "fn": 0,
    "tp": 13
  }
}