{
  "period_pair": "2012-2013_to_2014-2015",
  "algorithm": "common_neighbors",
  "threshold": 1.0,
  "auc_roc": 0.6363636363636364,
  "f1": 0.47058823529411764,
  "task": "appearance",
  "confusion_matrix": {
    "tn": 22,
    "fp": 2,
    "fn": 7,
    "tp": 4
  }
}