{
  "period_pair": "2014-2015_to_2016-2017",
  "algorithm": "preferential_attachment",
  "threshold": 24.0,
  "auc_roc": 0.42000000000000004,
  "f1": 0.18181818181818182,
  "task": "appearance",
  "confusion_matrix": {
    "tn": 20,
    "fp": 0,
    "fn": 9,
    "tp": 1
  }
}