{
  "period_pair": "2014-2015_to_2016-2017",
  "algorithm": "adamic_adar",
  "threshold": 0.5581106265512472,
  "auc_roc": 0.7374999999999999,
  "f1": 0.6666666666666666,
  "task": "appearance",
  "confusion_matrix": {
    "tn": 20,
    "fp": 0,
    "fn": 5,
    "tp": 5
  }
}