{
  "period_pair": "2014-2015_to_2016-2017",
  "algorithm": "common_neighbors",
  "threshold": -0.0,
  "auc_roc": 0.6291666666666668,
  "f1": 0.5555555555555556,
  "task": "dissolution",
  "confusion_matrix": {
    "tn": 10,
    "fp": 5,
    "fn": 3,
    "tp": 5
  }
}