{
  "period_pair": "2014-2015_to_2016-2017",
  "algorithm": "jaccard",
  "threshold": -0.0,
  "auc_roc": 0.6416666666666666,
  "f1": 0.5555555555555556,
  "task": "dissolution",
  "confusion_matrix": {
    "tn": 10,
    "fp": 5,
    "fn": 3,
    "tp": 5
  }
}