{
  "period_pair": "2016-2017_to_2018-2019",
  "algorithm": "jaccard",
  "threshold": -0.08333333333333333,
  "auc_roc": 0.6964285714285714,
  "f1": 0.5714285714285714,
  "task": "dissolution",
  "confusion_matrix": {
    "tn": 9,
    "fp": 3,
    "fn": 3,
    "tp": 4
  }
}