{
  "period_pair": "2016-2017_to_2018-2019",
  "algorithm": "jaccard",
  "threshold": 0.3333333333333333,
  "auc_roc": 0.6333333333333333,
  "f1": 0.5,
  "task": "appearance",
  "confusion_matrix": {
    "tn": 10,
    "fp": 0,
    "fn": 2,
    "tp": 1
  }
}