{
  "period_pair": "2016-2017_to_2018-2019",
  "algorithm": "adamic_adar",
  "threshold": -0.9102392266268373,
  "auc_roc": 0.5238095238095237,
  "f1": 0.6,
  "task": "dissolution",
  "confusion_matrix": {
    "tn": 5,
    "fp": 7,
    "fn": 1,
    "tp": 6
  }
}