{
  "period_pair": "2016-2017_to_2018-2019",
  "algorithm": "resource_allocation",
  "threshold": -0.3333333333333333,
  "auc_roc": 0.5238095238095237,
  "f1": 0.6,
  "task": "dissolution",
  "confusion_matrix": {
    "tn": 5,
    "fp": 7,
    "fn": 1,
    "tp": 6
  }
}