{
  "period_pair": "2016-2017_to_2018-2019",
  "algorithm": "common_neighbors",
  "threshold": -0.0,
  "auc_roc": 0.5357142857142857,
  "f1": 0.36363636363636365,
  "task": "dissolution",
  "confusion_matrix": {
    "tn": 10,
    "fp": 2,
    "fn": 5,
    "tp": 2
  }
}