{
  "period_pair": "2018-2019_to_2020-2021",
  "algorithm": "adamic_adar",
  "threshold": 0.7213475204444817,
  "auc_roc": 0.7346938775510203,
  "f1": 0.6666666666666666,
  "task": "appearance",
  "confusion_matrix": {
    "tn": 13,
    "fp": 1,
    "fn": 3,
    "tp": 4
  }
}