{
  "period_pair": "2018-2019_to_2020-2021",
  "algorithm": "adamic_adar",
  "threshold": -0.7213475204444817,
  "auc_roc": 0.6875,
  "f1": 0.6666666666666666,
  "task": "dissolution",
  "confusion_matrix": {
    "tn": 6,
    "fp": 2,
    "fn": 1,
    "tp": 3
  }
}