{
  "period_pair": "2020-2021_to_2022-2023",
  "algorithm": "jaccard",
  "threshold": 0.09090909090909091,
  "auc_roc": 0.811875,
  "f1": 0.7567567567567568,
  "task": "appearance",
  "confusion_matrix": {
    "tn": 37,
    "fp": 3,
    "fn": 6,
    "tp": 14
  }
}