{
  "period_pair": "2020-2021_to_2022-2023",
  "algorithm": "adamic_adar",
  "threshold": -0.6213349345596119,
  "auc_roc": 0.6244343891402715,
  "f1": 0.5714285714285714,
  "task": "dissolution",
  "confusion_matrix": {
    "tn": 18,
    "fp": 8,
    "fn": 7,
    "tp": 10
  }
}