algorithm,tn,fp,fn,tp,precision,recall,f1_real
adamic_adar,68,37,21,41,0.5256410256410257,0.6612903225806451,0.5857142857142856
common_neighbors,68,37,26,36,0.4931506849315068,0.5806451612903226,0.5333333333333333
jaccard,67,38,22,40,0.5128205128205128,0.6451612903225806,0.5714285714285714
preferential_attachment,53,52,15,47,0.47474747474747475,0.7580645161290323,0.5838509316770186
resource_allocation,69,36,22,40,0.5263157894736842,0.6451612903225806,0.5797101449275363
