algorithm,tn,fp,fn,tp,precision,recall,f1_real
adamic_adar,128,8,30,35,0.813953488372093,0.5384615384615384,0.6481481481481481
common_neighbors,126,10,30,35,0.7777777777777778,0.5384615384615384,0.6363636363636364
jaccard,129,7,30,35,0.8333333333333334,0.5384615384615384,0.6542056074766356
preferential_attachment,95,41,31,34,0.4533333333333333,0.5230769230769231,0.4857142857142857
resource_allocation,128,8,30,35,0.813953488372093,0.5384615384615384,0.6481481481481481
