{
  "model": "A3TGCN",
  "threshold": 0.5,
  "auc_roc": 0.8874875,
  "f1_score": 0.8305489260143198,
  "precision": 0.7945205479452054,
  "recall": 0.87,
  "confusion_matrix": {
    "tn": 155,
    "fp": 45,
    "fn": 26,
    "tp": 174
  }
}