{
  "model": "EvolveGCN-H",
  "threshold": 0.5,
  "auc_roc": 0.8979375000000002,
  "f1_score": 0.8357487922705314,
  "precision": 0.8084112149532711,
  "recall": 0.865,
  "confusion_matrix": {
    "tn": 159,
    "fp": 41,
    "fn": 27,
    "tp": 173
  }
}