{
  "model": "TGN-Simple",
  "threshold": 0.5,
  "auc_roc": 0.9045875000000001,
  "f1_score": 0.8321167883211679,
  "precision": 0.8104265402843602,
  "recall": 0.855,
  "confusion_matrix": {
    "tn": 160,
    "fp": 40,
    "fn": 29,
    "tp": 171
  }
}