{
  "model": "TGN-Simple",
  "threshold": 0.5,
  "auc_roc": 0.9063499999999999,
  "f1_score": 0.8280871670702179,
  "confusion_matrix": {
    "tn": 158,
    "fp": 42,
    "fn": 29,
    "tp": 171
  }
}